{
    "movies": [
      {
        "id": 1,
        "title": "Inception",
        "genre": ["Action", "Sci-Fi"],
        "release_date": "2010-07-16",
        "actors": [
          {
            "name": "Leonardo DiCaprio",
            "biography": "Leonardo DiCaprio is an American actor...",
            "birth_date": "1974-11-11"
          },
          {
            "name": "Joseph Gordon-Levitt",
            "biography": "Joseph Gordon-Levitt is an American actor...",
            "birth_date": "1981-02-17"
          }
        ]
      },
      {
        "id": 2,
        "title": "The Shawshank Redemption",
        "genre": ["Drama"],
        "release_date": "1994-09-23",
        "actors": [
          {
            "name": "Tim Robbins",
            "biography": "Tim Robbins is an American actor...",
            "birth_date": "1958-10-16"
          },
          {
            "name": "Morgan Freeman",
            "biography": "Morgan Freeman is an American actor...",
            "birth_date": "1937-06-01"
          }
        ]
      }
    ]
  }
  